id,name,model_id:id,group_id:id,perm_read,perm_write,perm_create,perm_unlink
access_realestate_contract_template_user,realestate.contract.template user,model_realestate_contract_template,base.group_user,1,0,0,0
access_realestate_contract_template_manager,realestate.contract.template manager,model_realestate_contract_template,atmta_real_estate.group_realestate_manager,1,1,1,1
access_realestate_contract_generate_wizard,realestate.contract.generate.wizard,model_realestate_contract_generate_wizard,base.group_user,1,1,1,1
access_realestate_contract_document_user,realestate.contract.document user,model_realestate_contract_document,base.group_user,1,1,1,0
access_realestate_contract_document_manager,realestate.contract.document manager,model_realestate_contract_document,atmta_real_estate.group_realestate_manager,1,1,1,1
access_realestate_placeholder_catalog_wizard,realestate.placeholder.catalog.wizard,model_realestate_placeholder_catalog_wizard,base.group_user,1,1,1,1
access_realestate_placeholder_catalog_line,realestate.placeholder.catalog.line,model_realestate_placeholder_catalog_line,base.group_user,1,1,1,1
access_realestate_placeholder_autofill_wizard,realestate.placeholder.autofill.wizard,model_realestate_placeholder_autofill_wizard,base.group_user,1,1,1,1
access_realestate_placeholder_autofill_line,realestate.placeholder.autofill.line,model_realestate_placeholder_autofill_line,base.group_user,1,1,1,1
